name,namewithlink,snippet,thumbnail,lng,lat,address
Chewy (2008),"<a href=""http://appalachiantrailhistory.org/items/show/654"" target=""_blank""  class=""view-item"">Chewy (2008)</a>","Chewy, at the Virginia/Tennessee border, just south of Damascus, Virginia. ","<a href=""/items/show/654"" class=""view-item""><img src=""http://appalachiantrailhistory.org/files/thumbnails/99d4f5bfa110bd2da1337fb2f8c536c2.jpg"" alt=""Chewy2008.jpg"" title=""Chewy2008.jpg""></a>",-81.82488274,36.61441874,
Trail Sign (2016),"<a href=""http://appalachiantrailhistory.org/items/show/657"" target=""_blank"" class=""view-item"">Trail Sign (2016)</a>","A sign marking the Appalachian Trail at a road crossing near Bobblet's Gap in Central Virginia, August 4, 2016.","<a href=""/items/show/657"" class=""view-item""><img src=""http://appalachiantrailhistory.org/files/thumbnails/746cb504e7fa46bf39126fbb364881bc.jpg"" alt=""AT Sign 2016.jpg"" title=""AT Sign 2016.jpg""></a>",-79.69916027,37.46800443,
RATC Hike to Potts Mountain (1939),"<a href=""http://appalachiantrailhistory.org/items/show/661"" target=""_blank""  class=""view-item"">RATC Hike to Potts Mountain (1939)</a>",Members of the Roanoke Appalachian Trail Club on Potts Mountain in Central Virginia during the fall of 1939. Day hikes like this one were a central...,"<a href=""/items/show/661"" class=""view-item""><img src=""http://appalachiantrailhistory.org/files/thumbnails/cbbd2042f9e5e5e86e0fb0e6ebb49618.jpg"" alt=""Potts Mountain Hike.jpg"" title=""Potts Mountain Hike.jpg""></a>",-80.15300776,37.45010066,
Abingdon Gap Shelter (1960),"<a href=""http://appalachiantrailhistory.org/items/show/662"" target=""_blank""  class=""view-item"">Abingdon Gap Shelter (1960)</a>","The Abingdon Gap Shelter is the last shelter northbound hikers encounter before entering Virginia, or the first that southbound hikers encounter when..","<a href=""/items/show/662"" class=""view-item""><img src=""http://appalachiantrailhistory.org/files/thumbnails/403bdcdb8bfd4a8599534bb33f8825a1.jpg"" alt=""Abingdon Gap Lean-to 1960.jpg"" title=""Abingdon Gap Lean-to 1960.jpg""></a>",-81.90188,36.58094,"36.58094,-81.90188"
Trimpi Shelter (1990),"<a href=""http://appalachiantrailhistory.org/items/show/685"" target=""_blank""  class=""view-item"">Trimpi Shelter (1990)</a>",The Trimpi Shelter is a stone shelter built in 1975 and located in Southern Virginia just north of Troutville. This shelter is maintained by the Mt.,"<a href=""/items/show/685"" class=""view-item""><img src=""http://appalachiantrailhistory.org/files/thumbnails/f224e284ddcf761ff9984cf43ff51e87.jpg"" alt=""RATC050 1.jpeg"" title=""RATC050 1.jpeg""></a>",-81.48041,36.74939,"36.74939,-81.48041"
Pickle Branch Shelter (2008),"<a href=""http://appalachiantrailhistory.org/items/show/686"" target=""_blank""  class=""view-item"">Pickle Branch Shelter (2008)</a>",The Pickle Branch Shelter is a typical example of the U.S. Forest Service's plank sided lean-to. This shelter was built in 1980 by volunteers from the...,"<a href=""/items/show/686"" class=""view-item""><img src=""http://appalachiantrailhistory.org/files/thumbnails/83e1dbdfe11b3b0bbc3e6f28d773c95a.jpg"" alt=""Pickle Branch Shelter 2008.jpg"" title=""Pickle Branch Shelter 2008.jpg""></a>",-80.1846,37.38015,"37.38015,-80.1846"
"Southern Virginia, Central Section (1940)","<a href=""http://appalachiantrailhistory.org/items/show/693"" target=""_blank""  class=""view-item"">Southern Virginia, Central Section (1940)</a>","This map depicts the Appalachian Trail between Roanoke and Fries, Virginia in 1940, including the legendary stretch over the Pinnacles of Dan. This...","<a href=""/items/show/693"" class=""view-item""><img src=""http://appalachiantrailhistory.org/files/thumbnails/2bc6c22896fc9409d2ee09abbce8a595.jpg"" alt=""PATC Map 13 1940.jpeg"" title=""PATC Map 13 1940.jpeg""></a>",-80.4386739,36.6740253,Pinnacles of Dan
"Southern Virginia, Southern Section (1941)","<a href=""http://appalachiantrailhistory.org/items/show/694"" target=""_blank""  class=""view-item"">Southern Virginia, Southern Section (1941)</a>","This map depicts the Appalachian Trail between Fries and Damascus, Virginia in 1941, including the crossing of the New River at Dixon's Ferry. This...","<a href=""/items/show/694"" class=""view-item""><img src=""http://appalachiantrailhistory.org/files/thumbnails/0c52f82931c0297df7a5923ad9470879.jpg"" alt=""PATC Map 14 1941.jpeg"" title=""PATC Map 14 1941.jpeg""></a>",-81.44152421,36.702192,"Troutdale, Virginia"
A.T. Pinnacles of Dan (1932),"<a href=""http://appalachiantrailhistory.org/items/show/731"" target=""_blank""  class=""view-item"">A.T. Pinnacles of Dan (1932)</a>","The original route of the Appalachian Trail in Virginia crossed the Pinnacles of Dan, a hike described by hikers at the time as second only to Mt. ...","<a href=""/items/show/731"" class=""view-item""><img src=""http://appalachiantrailhistory.org/files/thumbnails/3f54a5e9378821bd10293bea3057c26a.jpg"" alt=""IMG_20181130_135928.jpg"" title=""IMG_20181130_135928.jpg""></a>",-80.4386739,36.6740253,Pinnacles of Dan
2018 Warrior Expedition Thru Hikers at McAfee Knob,"<a href=""http://appalachiantrailhistory.org/items/show/732"" target=""_blank""  class=""view-item"">2018 Warrior Expeditions Thru-Hikers</a>",2018 Warrior Expedition Thru Hikers at McAfee Knob,"<a href=""/items/show/778"" class=""view-item""><img src=""http://appalachiantrailhistory.org/files/thumbnails/0db860cd0d37098f323711d7af45cc2c.jpg"" alt=""macafees knob.jpg"" title=""macafees knob.jpg""></a>",-80.0367095,37.3929102,mcafee knob
The View From Lover's Leap (1932),"<a href=""http://appalachiantrailhistory.org/items/show/807"" target=""_blank""  class=""view-item"">The View From Lover's Leap (1932)</a>","This panoramic image of Lover's Leap in Patrick County, Virginia, is compiled from three photographs taken by ATC Chairman Myron Avery during a hike...","<a href=""/items/show/807"" class=""view-item""><img src=""http://appalachiantrailhistory.org/files/thumbnails/c1de8aff9daf5d54f6e946a345f0585a.jpg"" alt=""Lovers Leap.jpg"" title=""Lovers Leap.jpg""></a>",-80.31675339,36.7172628,
PATC Hikers at the Pinnacles of Dan (1933),"<a href=""http://appalachiantrailhistory.org/items/show/910"" target=""_blank""  class=""view-item"">PATC Hikers at the Pinnacles of Dan (1933)</a>","In 1933, members of the Potomac Appalachian Trail Club (PATC) traveled to Meadows of Dan, Virginia, to hike the Dan River Gorge, including the...","<a href=""/items/show/910"" class=""view-item""><img src=""http://appalachiantrailhistory.org/files/thumbnails/aef49157ab58da181fcfc082761b201a.jpg"" alt=""Scan 2.jpeg"" title=""Scan 2.jpeg""></a>",-80.45159005,36.69330432,
Hikers in the Dan River Gorge (1936),"<a href=""http://appalachiantrailhistory.org/items/show/911"" target=""_blank""  class=""view-item"">Hikers in the Dan River Gorge (1936)</a>","John R. Barnard (right) leading a hike in the Dan River Gorge, August, 1936. Barnard was the man responsible for laying out and maintaining the...","<a href=""/items/show/911"" class=""view-item""><img src=""http://appalachiantrailhistory.org/files/thumbnails/026a6e79f7eb69e4f73ad05e4d085049.jpg"" alt=""Scan 4.jpeg"" title=""Scan 4.jpeg""></a>",-80.4386739,36.6740253,Pinnacles of Dan
At Lover's Leap (1930s),"<a href=""http://appalachiantrailhistory.org/items/show/912"" target=""_blank""  class=""view-item"">At Lover's Leap (1930s)</a>","Parked at Lover's Leap overlook in Patrick County, Virginia, sometime in the 1930s. Lover's Leap was a popular stop along the Appalachian Trail in...","<a href=""/items/show/912"" class=""view-item""><img src=""http://appalachiantrailhistory.org/files/thumbnails/168fad95d96993192b644086bfb05586.jpg"" alt=""Lovers Leap 1930s.jpg"" title=""Lovers Leap 1930s.jpg""></a>",-80.32860272,36.72087923,
Bell Spur Primitive Baptist Church (2019),"<a href=""http://appalachiantrailhistory.org/items/show/913"" target=""_blank""  class=""view-item"">Bell Spur Primitive Baptist Church (2019)</a>","The Bell Spur Primitive Baptist Church in Meadows of Dan, Virginia, was an important landmark for hikers on the Appalachian Trail in Patrick County,","<a href=""/items/show/913"" class=""view-item""><img src=""http://appalachiantrailhistory.org/files/thumbnails/7643e1a3ab22020e79ff7c7d26ce54a1.jpg"" alt=""Bell Spur Church.jpg"" title=""Bell Spur Church.jpg""></a>",-80.47286323,36.65727494,
Dixon's Ferry (1940s),"<a href=""http://appalachiantrailhistory.org/items/show/914"" target=""_blank""  class=""view-item"">Dixon's Ferry (1940s)</a>","From 1930-1952, the Appalachian Trail crossed the New River at Dixon's Ferry, just north of the mill town of Fries. Hikers going south would knock at...","<a href=""/items/show/914"" class=""view-item""><img src=""http://appalachiantrailhistory.org/files/thumbnails/291c61eefbd2fc49b26272f74df31463.jpg"" alt=""Dixons Ferry.jpg"" title=""Dixons Ferry.jpg""></a>",-80.95452134,36.7179148,
Map of Southwestern Virginia (1953),"<a href=""http://appalachiantrailhistory.org/items/show/915"" target=""_blank""  class=""view-item"">Map of Southwestern Virginia (1953)</a>","A small portion of a much larger map of the public lands in the United States in 1953, created by the U.S. Department of the Interior, that shows the...","<a href=""/items/show/915"" class=""view-item""><img src=""http://appalachiantrailhistory.org/files/thumbnails/2feb5cea9599e6ce8ed7d1f990464ff0.jpg"" alt=""Lost AT Map 1953.jpg"" title=""Lost AT Map 1953.jpg""></a>",-80.52166879,36.77851389,
"Galax Gang, Lover's Leap Va., October 1930","<a href=""http://appalachiantrailhistory.org/items/show/916"" target=""_blank""  class=""view-item"">Galax Gang, Lover's Leap Va., October 1930</a>","Photograph of members of the SWVA Appalachian Trail Club at Lover's Leap in Patrick County, October 1930. According to a newspaper story in the Galax...","<a href=""/items/show/916"" class=""view-item""><img src=""http://appalachiantrailhistory.org/files/thumbnails/dffc4b18f913f1d1103107ef34cedc7e.jpg"" alt=""Galax.jpg"" title=""Galax.jpg""></a>",-80.32742489,36.72086781,
"The view from Horse Knob, Virginia (1932)","<a href=""http://appalachiantrailhistory.org/items/show/917"" target=""_blank""  class=""view-item"">The view from Horse Knob, Virginia (1932)</a>","The view from the Appalachian Trail on Horse Knob near the North Carolina border, 1932. ","<a href=""/items/show/917"" class=""view-item""><img src=""http://appalachiantrailhistory.org/files/thumbnails/bf8189725573f2833251444fb8cc0c95.jpg"" alt=""From Horse Knob.jpg"" title=""From Horse Knob.jpg""></a>",-80.8194538,36.5687036,
The Cole Brothers (1932),"<a href=""http://appalachiantrailhistory.org/items/show/918"" target=""_blank""  class=""view-item"">The Cole Brothers (1932)</a>","Shirley Cole (right) and his brother Ernest (left) was the County Agent in Floyd County, Virginia and the founder of the Southern Virginia Appalachian...","<a href=""/items/show/918"" class=""view-item""><img src=""http://appalachiantrailhistory.org/files/thumbnails/7bb0a36e0c34b6144249d80cbf049a34.jpg"" alt=""Cole Brothers.jpg"" title=""Cole Brothers.jpg""></a>",-80.3821158,36.7366802,Cockram's Knob
"Bluemont Hotel, Galax, Virginia (1930s)","<a href=""http://appalachiantrailhistory.org/items/show/919"" target=""_blank""  class=""view-item"">Bluemont Hotel, Galax, Virginia (1930s)</a>","The Bluemont Hotel on Main Street in downtown Galax, Virginia, was a popular spot for hikers on the Appalachian Trail who passed through the city on...","<a href=""/items/show/919"" class=""view-item""><img src=""http://appalachiantrailhistory.org/files/thumbnails/01a4093b47f573a1ec13a439c68ed7ea.jpg"" alt=""0ed3ecc75a5038ccae5771e2a6f08404-800.jpg"" title=""0ed3ecc75a5038ccae5771e2a6f08404-800.jpg""></a>",-80.9239671,36.6612387,"Galax, Virginia"
The Road to Fancy Gap (1932),"<a href=""http://appalachiantrailhistory.org/items/show/920"" target=""_blank""  class=""view-item"">The Road to Fancy Gap (1932)</a>","The road leading to Fancy Gap, Virginia from Mt. Airy, North Carolina in 1932. The Appalachian Trail passed directly through the town of Fancy Gap on...","<a href=""/items/show/920"" class=""view-item""><img src=""http://appalachiantrailhistory.org/files/thumbnails/87eff734d1ec608e896bdac5c59d804a.jpg"" alt=""Fancy Gap.jpg"" title=""Fancy Gap.jpg""></a>",-80.6924152,36.66404927,
Old Fiddler's Convention (1935),"<a href=""http://appalachiantrailhistory.org/items/show/921"" target=""_blank""  class=""view-item"">Old Fiddler's Convention (1935)</a>","In 1935, members of the Galax, Virginia Moose Lodge decided to hold an ""Old Fiddler's Convention"" to raise money for the local high school. The...","<a href=""/items/show/921"" class=""view-item""><img src=""http://appalachiantrailhistory.org/files/thumbnails/bbe0e562d175c1e3195602c9db72ab37.jpg"" alt=""Fiddlers ad.jpg"" title=""Fiddlers ad.jpg""></a>",-80.9239671,36.6612387,"Galax, Virginia"
Graysville Store (2019),"<a href=""http://appalachiantrailhistory.org/items/show/922"" target=""_blank""  class=""view-item"">Graysville Store (2019)</a>","The Graysville Store in Copper Hill, Virginia in 2019. This store, now abandoned, was an important stop for hikers on the Appalachian Trail between...","<a href=""/items/show/922"" class=""view-item""><img src=""http://appalachiantrailhistory.org/files/thumbnails/970ae8bd4c0cc2c514595a6ffa54f0ec.jpg"" alt=""Graysville Store small.jpg"" title=""Graysville Store small.jpg""></a>",-80.11837251,37.06944522,
Hotel Mons (1930s),"<a href=""http://appalachiantrailhistory.org/items/show/923"" target=""_blank""  class=""view-item"">Hotel Mons (1930s)</a>","The Hotel Mons was the resort hotel located in the Peaks of Otter recreation area near Bedford, Virginia. The original route of the Appalachian Trail...","<a href=""/items/show/923"" class=""view-item""><img src=""http://appalachiantrailhistory.org/files/thumbnails/89d4d90e9ff9f6855f9bdbdc59ae84c9.jpg"" alt=""Hotel Mons Peaks of Otter.jpg"" title=""Hotel Mons Peaks of Otter.jpg""></a>",-79.6025292,37.4443487,Peaks of Otter
"Saltpeter Cave, Dan River Gorge (1931)","<a href=""http://appalachiantrailhistory.org/items/show/924"" target=""_blank""  class=""view-item"">Saltpeter Cave, Dan River Gorge (1931)</a>",This photograph of a hiker in the Dan River Gorge near the Pinnacles of Dan in 1931 is part of a collection of glass lantern slides held by the...,"<a href=""/items/show/924"" class=""view-item""><img src=""http://appalachiantrailhistory.org/files/thumbnails/d94640133e08081d6bc4f756404e38ca.jpg"" alt=""IMG_20181130_154049.jpg"" title=""IMG_20181130_154049.jpg""></a>",-80.4386739,36.6740253,Pinnacles of Dan
"View of the Washington Mills, Fries Va. (1910)","<a href=""http://appalachiantrailhistory.org/items/show/925"" target=""_blank""  class=""view-item"">View of the Washington Mills, Fries Va. (1910)</a>","The Washington Mill in Fries, Virginia, photographed by Lewis Wickes Hine in May 1910, just upstream from where the Appalachian Trail crossed the New...","<a href=""/items/show/925"" class=""view-item""><img src=""http://appalachiantrailhistory.org/files/thumbnails/fb2b3af1eb44406fc09ab161cbcd3008.jpg"" alt=""Washington Mill.jpg"" title=""Washington Mill.jpg""></a>",-80.98512325,36.71554443,
The Little Falls of Dan (1935),"<a href=""http://appalachiantrailhistory.org/items/show/926"" target=""_blank""  class=""view-item"">The Little Falls of Dan (1935)</a>","From the reverse: The Little Falls of Dan, one mile north of Pinnacles of Dan. The fall here of Dan River is 90 or 100 ft. The River here flowing...","<a href=""/items/show/926"" class=""view-item""><img src=""http://appalachiantrailhistory.org/files/thumbnails/faf186dd82b8de05cec0a6adde8d8101.jpg"" alt=""Scan 11.jpeg"" title=""Scan 11.jpeg""></a>",-80.4386739,36.6740253,Pinnacles of Dan
John Barnard (1930s),"<a href=""http://appalachiantrailhistory.org/items/show/927"" target=""_blank""  class=""view-item"">John Barnard (1930s)</a>","John Barnard with a memorial he made to the local Native Americans who lived in the Dan River gorge. According to his grandson, Barnard cast the...","<a href=""/items/show/927"" class=""view-item""><img src=""http://appalachiantrailhistory.org/files/thumbnails/aa6a6a03175f2ce887c1d2bed5833925.jpg"" alt=""Scan 8.jpeg"" title=""Scan 8.jpeg""></a>",-80.4135048,36.7341536,"Meadows of Dan, Virginia"
Appalachian Trail Hike Is Scheduled (1948),"<a href=""http://appalachiantrailhistory.org/items/show/928"" target=""_blank""  class=""view-item"">Appalachian Trail Hike Is Scheduled (1948)</a>","A news item in the Floyd News (Floyd, VA) about a planned hike by local Boy Scouts on the Appalachian Trail in Floyd County.","<a href=""/items/show/928"" class=""view-item""><img src=""http://appalachiantrailhistory.org/files/thumbnails/61c206be9115b059864dcc03f4559aea.jpg"" alt=""Floyd News 19480701.jpg"" title=""Floyd News 19480701.jpg""></a>",-80.31946778,36.91126009,
Official Inspection of Appalachian Trail in Floyd County (1932),"<a href=""http://appalachiantrailhistory.org/items/show/929"" target=""_blank""  class=""view-item"">Official Inspection of Appalachian Trail in Floyd County (1932)</a>",A description of the Myron Avery's first inspection trip of the Appalachian Trail in Floyd County in January 1932. This story from the Floyd News...,"<a href=""/items/show/929"" class=""view-item""><img src=""http://appalachiantrailhistory.org/files/thumbnails/b2d4c1543f4b10aada3915b5561ee40d.jpg"" alt=""Floyd News 01071932a.jpg"" title=""Floyd News 01071932a.jpg""></a>",-80.3200502,36.9112443,"Floyd, Virginia"
Byllesby Dam (1912),"<a href=""http://appalachiantrailhistory.org/items/show/930"" target=""_blank""  class=""view-item"">Byllesby Dam (1912)</a>","Hikers on the Appalachian Trail headed northbound reached the New River at Byllesby Dam, one of several hydroelectric dams built by the Appalachian...","<a href=""/items/show/930"" class=""view-item""><img src=""http://appalachiantrailhistory.org/files/thumbnails/008c3d3b9584a42d95baab308f6d8888.jpg"" alt=""Byllesby Dam 1912.png"" title=""Byllesby Dam 1912.png""></a>",-80.9331354,36.7851246,"Byllesby Dam, Virginia"
"Fries, Virginia (1911)","<a href=""http://appalachiantrailhistory.org/items/show/931"" target=""_blank""  class=""view-item"">Fries, Virginia (1911)</a>","A view of the town of Fries, Virginia, in March 1911. The photographer Lewis Wickes Hine visited Fries that year to document the working conditions in...","<a href=""/items/show/931"" class=""view-item""><img src=""http://appalachiantrailhistory.org/files/thumbnails/d5b1046385154ac933104582f925677f.jpg"" alt=""Fries view.jpg"" title=""Fries view.jpg""></a>",-80.9786923,36.7162368,"Fries, Virginia"
Thompson's Store,"<a href=""http://appalachiantrailhistory.org/items/show/932"" target=""_blank""  class=""view-item"">Thompson's Store</a>",The now abandoned Thompson's Store sits in a sharp bend in the road near the summit of Pumpkin Stem Knob (Extraordinary view; should not be missed)Ã¢â€šÂ¬¦,"<a href=""/items/show/932"" class=""view-item""><img src=""http://appalachiantrailhistory.org/files/thumbnails/b24e5db0f52c56ea172ef41ad5a5a8af.jpg"" alt=""IMG_20190801_170905-01.jpeg"" title=""IMG_20190801_170905-01.jpeg""></a>",-80.14683276,36.95054743,
The Old Appalachian Trail in Floyd County (2019),"<a href=""http://appalachiantrailhistory.org/items/show/933"" target=""_blank""  class=""view-item"">The Old Appalachian Trail in Floyd County (2019)</a>","Hiking along roads was a common experience for hikers on the early versions of the Appalachian Trail, with as much as 40 percent of the original route...","<a href=""/items/show/933"" class=""view-item""><img src=""http://appalachiantrailhistory.org/files/thumbnails/2c3283624f867eb889e14441ec881290.jpg"" alt=""Old AT Floyd County.jpg"" title=""Old AT Floyd County.jpg""></a>",-80.30486533,36.84469752,
Kelley School (2019),"<a href=""http://appalachiantrailhistory.org/items/show/934"" target=""_blank""  class=""view-item"">Kelley School (2019)</a>","The Kelley School along the Blue Ridge Parkway near Floyd, Virginia, operated as a school from 1876-1939, after which it became a country store known...","<a href=""/items/show/934"" class=""view-item""><img src=""http://appalachiantrailhistory.org/files/thumbnails/b178d6ae26e71363b51676d5d549d7de.jpg"" alt=""Kelley School.jpg"" title=""Kelley School.jpg""></a>",-80.1485139,36.9846111,"36.9846111,-80.1485139"
Cabin in Hemlock Dell (2019),"<a href=""http://appalachiantrailhistory.org/items/show/935"" target=""_blank""  class=""view-item"">Cabin in Hemlock Dell (2019)</a>","From 1931-1952, the Appalachian Trail passed over Poor Mountain, just south of Glenvar, Virginia. Southbound hikers descending from Catawba Mountain...","<a href=""/items/show/935"" class=""view-item""><img src=""http://appalachiantrailhistory.org/files/thumbnails/e975930da5ab34ca1a505c1bb7c55159.jpg"" alt=""IMG_20190801_150826.jpg"" title=""IMG_20190801_150826.jpg""></a>",-80.1337917,37.2259111,"37.2259111,-80.1337917"
Mrs. Sue Hall (1935),"<a href=""http://appalachiantrailhistory.org/items/show/937"" target=""_blank""  class=""view-item"">Mrs. Sue Hall (1935)</a>","The old route of the Appalachian Trail in Southwestern Virginia offered hikers only one overnight shelter where they could stay. Instead, the Guide...","<a href=""/items/show/937"" class=""view-item""><img src=""http://appalachiantrailhistory.org/files/thumbnails/f855453b1f3b526f6f167550bd4f12d1.jpg"" alt=""725_susanharrishallpassport.jpg"" title=""725_susanharrishallpassport.jpg""></a>",-80.3200502,36.9112443,"Floyd, Virginia"
Bent Mountain Falls,Bent Mountain Falls,,,-80.1189528,37.1415917,
"Floyd, VA","Floyd, VA",,,-80.32005,36.9113444,
Smart View Park,Smart View Park,,,-80.1888833,36.9243556,
Rocky Knob Park,Rocky Knob Park,,,-80.3490639,36.8029472,
Mabry Mill,Mabry Mill,,,-80.4047528,36.7500111,
Meadows of Dan,Meadows of Dan,,,-80.3952028,36.7378278,
"Fisher's Peak, NC","Fisher's Peak, NC",,,-80.8232556,36.5596361,
Jones Knob,Jones Knob,,,-81.0744,36.7627,
Skulls Gap,Skulls Gap,,,-81.621225,36.70915,
"Konnarock School (Konnarock, VA)","Konnarock School (Konnarock, VA)",,,-81.6116667,36.6716667,
Mount Rogers,Mount Rogers,,,-81.5447111,36.6599778,
"Damascus, VA","Damascus, VA",,,-81.7836528,36.6336194,
Appalachian Trail Data (1930),"<a href=""http://appalachiantrailhistory.org/items/show/939"" target=""_blank"" class=""view-item"">Appalachian Trail Data (1930)</a>","The text of a scouting report laying out a potential route for the Appalachian Trail in Southwestern Virginia between Roanoke, Virginia and Roaring","<a href=""/items/show/939"" class=""view-item""><img src=""https://appalachiantrailhistory.org/files/thumbnails/789c5819299d8c3d6ef98f11c7a8a22f.jpg"" alt=""Appalachian Trail Data (1930)"" title=""Appalachian Trail Data (1930)""></a>",-80.3200502,36.9112443,"Floyd, Virginia"
Konnarock School (1997),"<a href=""http://appalachiantrailhistory.org/items/show/940"" target=""_blank"" class=""view-item"">Konnarock School (1997)</a>",Southwest Virginia's long-established Lutheran community began to expand its missionary activity in the region in the 1920s. A principal,"<a href=""/items/show/940"" class=""view-item""><img src=""https://appalachiantrailhistory.org/files/thumbnails/36ebd31220c93b45daaa9c250e88ed38.jpg"" alt=""086-0027_Konnarock_School_VLR_4th.jpg"" title=""086-0027_Konnarock_School_VLR_4th.jpg""></a>",-81.6381715,36.6659505,"Konnarock, Virginia"
Feather Camp Mountain Fire Tower (1955),"<a href=""http://appalachiantrailhistory.org/items/show/941"" target=""_blank"" class=""view-item"">Feather Camp Mountain Fire Tower (1955)</a>","Constructed in 1929 by the U.S. Forest Service, this 40' steel tower with 14'x14' wooden cab was eventually transferred to Virginia Forestry for","<a href=""/items/show/941"" class=""view-item""><img src=""https://appalachiantrailhistory.org/files/thumbnails/d33f3bdd912a2f8071c9f482001a407c.jpg"" alt=""los924_feather_camp_1955.jpg"" title=""los924_feather_camp_1955.jpg""></a>",-81.73555613,36.65072259,
Sidna Allen House (1974),"<a href=""http://appalachiantrailhistory.org/items/show/942"" target=""_blank"" class=""view-item"">Sidna Allen House (1974)</a>","The Sidna Allen house just outside of Fancy Gap, VA, is locally famous as the home of Sidna Allen, a member of the Allen family who were notorious for","<a href=""/items/show/942"" class=""view-item""><img src=""https://appalachiantrailhistory.org/files/thumbnails/30a87208fee52031eb3f8bf988bf9e5d.jpg"" alt=""017-0005_Sidna_Allen_House_VLR_4th_edition.jpg"" title=""017-0005_Sidna_Allen_House_VLR_4th_edition.jpg""></a>",-80.6963852,36.68766736,
Hikers on the Pinnacles of Dan (1908),"<a href=""http://appalachiantrailhistory.org/items/show/945"" target=""_blank"" class=""view-item"">Hikers on the Pinnacles of Dan (1908)</a>","A group of hikers on the Pinnacles of Dan in 1908, led by John Barnard (in hat on far left). Barnard later became the overseer of the Appalachian","<a href=""/items/show/945"" class=""view-item""><img src=""https://appalachiantrailhistory.org/files/thumbnails/289f918b0472a22d0dc25881fe707e28.jpg"" alt=""Scan.jpeg"" title=""Scan.jpeg""></a>",-80.43847589,36.6737178,
Pinnacles of Dan (1930s),"<a href=""http://appalachiantrailhistory.org/items/show/946"" target=""_blank""class=""view-item"">Pinnacles of Dan (1930s)</a>",This black and white lantern slide of the Pinnacles of Dan in Southwestern Virginia is part of a set of promotional slides used by the Appalachian,"<a href=""/items/show/946"" class=""view-item""><img src=""https://appalachiantrailhistory.org/files/thumbnails/115a8e01c2ba6dd8d127924fb87b675b.jpg"" alt=""IMG_20181130_154021.jpg"" title=""IMG_20181130_154021.jpg""></a>",-80.43772973,36.67222387,
Dan River Gorge (1930s),"<a href=""http://appalachiantrailhistory.org/items/show/947"" target=""_blank""class=""view-item"">Dan River Gorge (1930s)</a>","The Dan River Gorge, also known as the Kibler Valley, as seen from the summit of the Pinnacles of Dan in Southwestern Virginia. <br />
<br />
This black and","<a href=""/items/show/947"" class=""view-item""><img src=""https://appalachiantrailhistory.org/files/thumbnails/553a70a3c55c8cd17fe3385587c71985.jpg"" alt=""IMG_20181130_154034.jpg"" title=""IMG_20181130_154034.jpg""></a>",-80.43115228,36.68549064,
Townes Diversion Dam (1930s),"<a href=""http://appalachiantrailhistory.org/items/show/948"" target=""_blank""class=""view-item"">Townes Diversion Dam (1930s)</a>",The Townes Diversion Dam is one of two hydroelectric dams built in the Dan River Gorge in the late 1930s by the Danville Power Authority to generate,"<a href=""/items/show/948"" class=""view-item""><img src=""https://appalachiantrailhistory.org/files/thumbnails/bb18253db4f7d82823533e83e4829a5f.jpg"" alt=""Scan 9.jpeg"" title=""Scan 9.jpeg""></a>",-80.42269059,36.67755139,
Where the AT Crosses the Dan (1932),"<a href=""http://appalachiantrailhistory.org/items/show/949""target=""_blank"" class=""view-item"">Where the AT Crosses the Dan (1932)</a>","Hikers on the old route of the Appalachian Trail crossed the Dan River at the bottom of the Dan River Gorge, either just after descending the","<a href=""/items/show/949"" class=""view-item""><img src=""https://appalachiantrailhistory.org/files/thumbnails/ae3b7c4a78dcb4438f13b220bccb256a.jpg"" alt=""IMG_20181130_135911.jpg"" title=""IMG_20181130_135911.jpg""></a>",-80.43501232,36.67686544,
AT From Fancy Gap (1932),"<a href=""http://appalachiantrailhistory.org/items/show/950""target=""_blank"" class=""view-item"">AT From Fancy Gap (1932)</a>","This photograph taken by ATC Chairman Myron Avery shows the view of the Appalachian Trail south into North Carolina at Fisher's Peak from Fancy Gap,","<a href=""/items/show/950"" class=""view-item""><img src=""https://appalachiantrailhistory.org/files/thumbnails/7d477b0032164705224eb13d1ca128a2.jpg"" alt=""AT From Fancy Gap.jpg"" title=""AT From Fancy Gap.jpg""></a>",-80.6918684,36.6665212,"Fancy Gap, Virginia"
Below Sling's Gap (1932),"<a href=""http://appalachiantrailhistory.org/items/show/951"" target=""_blank"" class=""view-item"">Below Sling's Gap (1932)</a>","The view north and east from a point along the old route of the Appalachian Trail approximately two miles south of Sling's Gap.<br />
<br />
The man in the","<a href=""/items/show/951"" class=""view-item""><img src=""https://appalachiantrailhistory.org/files/thumbnails/229a1f6c54372543794bc324b53d5bf7.jpg"" alt=""Below Slings Gap.jpg"" title=""Below Slings Gap.jpg""></a>",-80.073839,37.164513,"Slings Gap, Virginia"
Looking West From Fisher's Peak (1932),"<a href=""http://appalachiantrailhistory.org/items/show/952"" target=""_blank"" class=""view-item"">Looking West From Fisher's Peak (1932)</a>","The old route of the Appalachian Trail crossed into North Carolina on Fisher's Peak, just north of the Blue Ridge Music Center along the Blue Ridge","<a href=""/items/show/952"" class=""view-item""><img src=""https://appalachiantrailhistory.org/files/thumbnails/372491fc7c7fd914a6bf2eeb1e826226.jpg"" alt=""West From Fisher&#039;s.jpg"" title=""West From Fisher&#039;s.jpg""></a>",-80.82318328,36.55939468,
Smith Mountain from the Appalachian Trail (1932),"<a href=""http://appalachiantrailhistory.org/items/show/953"" target=""_blank"" class=""view-item"">Smith Mountain from the Appalachian Trail (1932)</a>","This image shows the view of Smith Mountain from the Appalachian Trail near Bent Mountain in Floyd County, Virginia. The 1940 trail guide describes","<a href=""/items/show/953"" class=""view-item""><img src=""https://appalachiantrailhistory.org/files/thumbnails/a94cbcc7d22e30b15dca2fc8120639e9.jpg"" alt=""Smith Mountain.jpg"" title=""Smith Mountain.jpg""></a>",-80.10536129,37.12246993,
Fisher's Peak (1932),"<a href=""http://appalachiantrailhistory.org/items/show/954"" target=""_blank"" class=""view-item"">Fisher's Peak (1932)</a>","The original route of the Appalachian Trail crossed into North Carolina on Fisher's Peak, just south of the Blue Ridge Music Center (built in 1997).","<a href=""/items/show/954"" class=""view-item""><img src=""https://appalachiantrailhistory.org/files/thumbnails/d9013a43528ab957e442a78d8370493d.jpg"" alt=""Fisher&#039;s Peak.jpg"" title=""Fisher&#039;s Peak.jpg""></a>",-80.8232519,36.5598161,"Fisher's Peak, North Carolina"
Myron Avery to Clint Jackson (1932),"<a href=""http://appalachiantrailhistory.org/items/show/955""target=""_blank""  class=""view-item"">Myron Avery to Clint Jackson (1932)</a>","This letter from Myron Avery to C.S. (Clint) Jackson, May 13, 1932, provides very useful insights into the difficulties the Appalachian Trail","<a href=""/items/show/955"" class=""view-item""><img src=""https://appalachiantrailhistory.org/files/thumbnails/0b29cf75de849b6236e31103085451b1.jpg"" alt=""ATCLT046 copy.jpg"" title=""ATCLT046 copy.jpg""></a>",-81.39289554,36.73598474,
Comer's Rock (2009),"<a href=""http://appalachiantrailhistory.org/items/show/956"" target=""_blank"" class=""view-item"">Comer's Rock (2009)</a>","The old route of the Appalachian Trail passed across Comer's Rock in Grayson County, Virginia (elevation 4,035'). At the time there was a U.S. Forest","<a href=""/items/show/956"" class=""view-item""><img src=""https://appalachiantrailhistory.org/files/thumbnails/f41819c75c80403704470841a5e71225.jpg"" alt=""HH.8.Atop_.Comers.jpg"" title=""HH.8.Atop_.Comers.jpg""></a>",-81.228153,36.7642873,"Comer's Rock, Virginia"
Civil War Deserters?,"<a href=""http://appalachiantrailhistory.org/items/show/957""target=""_blank""  class=""view-item"">Civil War Deserters?</a>",The old route of the Appalachian Trail in Southwestern Virginia passed several locations said to be places where men who wanted to avoid service in,"<a href=""/items/show/957"" class=""view-item""><img src=""https://appalachiantrailhistory.org/files/thumbnails/0689bcf1d34b70376a4fe045433f16f8.jpg"" alt=""Comer&#039;s Rock.jpg"" title=""Comer&#039;s Rock.jpg""></a>",-81.33125067,36.74591033,
Cutting Trail Near Ivanhoe (1932),"<a href=""http://appalachiantrailhistory.org/items/show/958"" target=""_blank"" class=""view-item"">Cutting Trail Near Ivanhoe (1932)</a>",Cutting the old route of the Appalachian Trail from the New River to Damascus along Iron Mountain was one of the most difficult tasks faced by the ATC,"<a href=""/items/show/958"" class=""view-item""><img src=""https://appalachiantrailhistory.org/files/thumbnails/acd5f5f8f63610ac84ac6b811ca7626b.jpg"" alt=""ATCLT044 copy.jpg"" title=""ATCLT044 copy.jpg""></a>",-81.0253511,36.77999595,
Cahas Knob View (1932),"<a href=""http://appalachiantrailhistory.org/items/show/959""target=""_blank""  class=""view-item"">Cahas Knob View (1932)</a>",The old route of the Appalachian Trail in Southwestern Virginia crossed Smith Mountain in northeastern Floyd County. This image shows the view of,"<a href=""/items/show/959"" class=""view-item""><img src=""https://appalachiantrailhistory.org/files/thumbnails/eeec05f7320bf1fc2a80dbff8a29331b.jpg"" alt=""Cahas Knob.jpg"" title=""Cahas Knob.jpg""></a>",-80.12270495,37.11750148,
Cherry Tree Shelter (2018),"<a href=""http://appalachiantrailhistory.org/items/show/960""target=""_blank""  class=""view-item"">Cherry Tree Shelter (2018)</a>",Hikers along the Appalachian Trail today can count on some sort of shelter approximately every 8-10 miles along their route. Construction of this,"<a href=""/items/show/960"" class=""view-item""><img src=""https://appalachiantrailhistory.org/files/thumbnails/f49888d3761f5001c76515c890afa5ce.jpg"" alt=""Cherry Tree Shelter 2018.jpg"" title=""Cherry Tree Shelter 2018.jpg""></a>",-81.55116364,36.70010109,
Rocky Knob Shelter (2019),"<a href=""http://appalachiantrailhistory.org/items/show/961""target=""_blank""  class=""view-item"">Rocky Knob Shelter (2019)</a>",Hikers along the Appalachian Trail today can count on some sort of shelter approximately every 8-10 miles along their route. Construction of this,"<a href=""/items/show/961"" class=""view-item""><img src=""https://appalachiantrailhistory.org/files/thumbnails/56f21dfa5755c37d89578ff5f4ecdc74.jpg"" alt=""Rocky Knob Shelter 2019.jpg"" title=""Rocky Knob Shelter 2019.jpg""></a>",-80.354107,36.80698272,
Trail Route from Lee Highway to Mason Cove (1941),"<a href=""http://appalachiantrailhistory.org/items/show/975""target=""_blank""  class=""view-item"">Trail Route from Lee Highway to Mason Cove (1941)</a>","From 1932-1952, the Appalachian Trail followed an entirely different route between Roanoke and Damascus, Virginia from the one it uses today.","<a href=""/items/show/975"" class=""view-item""><img src=""https://appalachiantrailhistory.org/files/thumbnails/4fbfc6a0c22079b0d1d6cba1c67a4cde.jpg"" alt=""Tinker Mountain 1941.jpg"" title=""Tinker Mountain 1941.jpg""></a>",-80.06209709,37.38471963,
Mason Cove to Glenvar (1941),"<a href=""http://appalachiantrailhistory.org/items/show/976""target=""_blank""  class=""view-item"">Mason Cove to Glenvar (1941)</a>","From 1932-1952, the Appalachian Trail followed an entirely different route between Roanoke and Damascus, Virginia from the one it uses today. The","<a href=""/items/show/976"" class=""view-item""><img src=""https://appalachiantrailhistory.org/files/thumbnails/02bf28b9146bff60b8be140455e1fe25.jpg"" alt=""Mason Cove.jpg"" title=""Mason Cove.jpg""></a>",-80.245011,37.279688,"Bradshaw, Virginia"
Catawba Sanatorium (1940s),"<a href=""http://appalachiantrailhistory.org/items/show/977""target=""_blank""  class=""view-item"">Catawba Sanatorium (1940s)</a>","The Catawba Sanatorium near Glenvar, Virginia, was one of several tuberculosis sanatoria established by the Commonwealth of Virginia in the first","<a href=""/items/show/977"" class=""view-item""><img src=""https://appalachiantrailhistory.org/files/thumbnails/8ca4ec71a6d65d0862c4f5b18186c5d4.jpg"" alt=""catawba.jpg"" title=""catawba.jpg""></a>",-80.10976061,37.39126432,
Letter from George Miller to John Barnard (1952),"<a href=""http://appalachiantrailhistory.org/items/show/978""target=""_blank""  class=""view-item"">Letter from George Miller to John Barnard (1952)</a>","In 1952, George Miller hiked the entire Appalachian Trail from Georgia to Maine at the age of 72. His hike was the seventh completed thru hike of the","<a href=""/items/show/978"" class=""view-item""><img src=""https://appalachiantrailhistory.org/files/thumbnails/f28080ac5c21aff550da0241d5221292.jpg"" alt=""George Miller.jpg"" title=""George Miller.jpg""></a>",-80.4135048,36.7341536,"Meadows of Dan, Virginia"
Smart View Recreation Area (2019),"<a href=""http://appalachiantrailhistory.org/items/show/979""target=""_blank""  class=""view-item"">Smart View Recreation Area (2019)</a>",The old route of the Appalachian Trail passed through what is now known as Smart View Recreation Area along the Blue Ridge Parkway. At the time the,"<a href=""/items/show/979"" class=""view-item""><img src=""https://appalachiantrailhistory.org/files/thumbnails/59d24c941d2b257684a8c1222b238ed7.jpg"" alt=""Smart View Park.jpg"" title=""Smart View Park.jpg""></a>",-80.18696476,36.9287202,"Smart View Recreation Area, Virginia"
County Line Primitive Baptist Church (2019),"<a href=""http://appalachiantrailhistory.org/items/show/980"" target=""_blank"" class=""view-item"">County Line Primitive Baptist Church (2019)</a>","Hikers on the old route of the Appalachian Trail in Southwestern Virginia often used churches, stores, and schools, many of them abandoned, as","<a href=""/items/show/980"" class=""view-item""><img src=""https://appalachiantrailhistory.org/files/thumbnails/958088303ae853d4c86402240be84f69.jpg"" alt=""County Line Baptist Church.jpg"" title=""County Line Baptist Church.jpg""></a>",-80.2514872,36.88867553,
Poor Mountain Road (2019),"<a href=""http://appalachiantrailhistory.org/items/show/981"" target=""_blank"" class=""view-item"">Poor Mountain Road (2019)</a>","The old route of the Appalachian Trail south and west of Roanoke, Virginia, climbed up and over Poor Mountain from the village of Glenvar in the","<a href=""/items/show/981"" class=""view-item""><img src=""https://appalachiantrailhistory.org/files/thumbnails/54cd7ca47486f9b829fec815ff7bd41c.jpg"" alt=""Poor Mountain Road.jpg"" title=""Poor Mountain Road.jpg""></a>",-80.13633661,37.20319844,
Chester Dziengielewski Passes Through Galax (1951),"<a href=""http://appalachiantrailhistory.org/items/show/982"" target=""_blank"" class=""view-item"">Chester Dziengielewski Passes Through Galax (1951)</a>","In 1951, Chester Dziengielewski, a machinist from Naugatuck, Connecticut, was the first person to successfully hike the entire Appalachian Trail in","<a href=""/items/show/982"" class=""view-item""><img src=""https://appalachiantrailhistory.org/files/thumbnails/e378f39f279a7e102c2ba8f2b65c216f.jpg"" alt=""IMG_20190809_122025.jpg"" title=""IMG_20190809_122025.jpg""></a>",-80.92449099,36.65981655,
Gene Espy Passes Through Galax (1951),"<a href=""http://appalachiantrailhistory.org/items/show/983""target=""_blank""  class=""view-item"">Gene Espy Passes Through Galax (1951)</a>","On July 5, 1951, Gene Espy passed through Galax, Virginia on his way north from Mount Oglethorpe in Georgia. Espy, from Cordele, Georgia, was the","<a href=""/items/show/983"" class=""view-item""><img src=""https://appalachiantrailhistory.org/files/thumbnails/3d62ccc9c23679b90fb24fdffa19952f.jpg"" alt=""Espy story.jpg"" title=""Espy story.jpg""></a>",-80.92477798,36.66475928,
Tuggle Gap to Route 58 (1941),"<a href=""http://appalachiantrailhistory.org/items/show/984"" target=""_blank"" class=""view-item"">Tuggle Gap to Route 58 (1941)</a>","From 1932-1952, the Appalachian Trail followed an entirely different route between Roanoke and Damascus, Virginia from the one it uses today. The","<a href=""/items/show/984"" class=""view-item""><img src=""https://appalachiantrailhistory.org/files/thumbnails/061c3f0e6508feb18830043ec6f6ccf0.jpg"" alt=""Tuggle1.jpg"" title=""Tuggle1.jpg""></a>",-80.32145597,36.83744894,
Store at Tuggle Gap (2019),"<a href=""http://appalachiantrailhistory.org/items/show/985"" target=""_blank"" class=""view-item"">Store at Tuggle Gap (2019)</a>","The store, restaurant, and motel at Tuggle Gap, pictured here, built in the early 1940s, sits at the intersection of Highway 8 and the Blue Ridge","<a href=""/items/show/985"" class=""view-item""><img src=""https://appalachiantrailhistory.org/files/thumbnails/6651be1ffb95e04ce5425f5aab643023.jpg"" alt=""Tuggle Gap.jpg"" title=""Tuggle Gap.jpg""></a>",-80.32053865,36.8395285,
Mabry Mill (2019),"<a href=""http://appalachiantrailhistory.org/items/show/986"" target=""_blank"" class=""view-item"">Mabry Mill (2019)</a>","The original route of the Appalachian Trail in Southwestern Virginia passed within a mile of the Mabry Mill, pictured here. Located along the Blue","<a href=""/items/show/986"" class=""view-item""><img src=""https://appalachiantrailhistory.org/files/thumbnails/3b630c2bf574888b237c9511302c4138.jpg"" alt=""Mabry Mill.jpg"" title=""Mabry Mill.jpg""></a>",-80.40661,36.752573,
Virginia's Lost Appalachian Trail,"<a href=""http://appalachiantrailhistory.org/items/show/1110"" target=""_blank"" class=""view-item"">Virginia's Lost Appalachian Trail</a>","This map depicts three of the routes of the Appalachian Trail in Southwestern Virginia -- the route laid out in 1931 by Shirley Cole and Roy Ozmer,","<a href=""/items/show/1110"" class=""view-item""><img src=""https://appalachiantrailhistory.org/files/thumbnails/ffe1774e0ea428e662ced3ed2a90623b.jpg"" alt=""static_map_prototype_v3.jpg"" title=""static_map_prototype_v3.jpg""></a>",-80.9239671,36.6612387,"Galax, Virginia"
View from Jones Knob (1951),"<a href=""http://appalachiantrailhistory.org/items/show/1156""target=""_blank""  class=""view-item"">View from Jones Knob (1951)</a>","This photograph was taken by Gene Espy during his 1951 thru hike of the Appalachian Trail from the Jones Knob lookout, possibly from the fire tower","<a href=""/items/show/1156"" class=""view-item""><img src=""https://appalachiantrailhistory.org/files/thumbnails/0a8caf04f7e29e35d96b3b3327031983.jpg"" alt=""Jones Mountain Tower.jpg"" title=""Jones Mountain Tower.jpg""></a>",-81.0725873,36.7659563,"Jones Knob, Virginia"
Byllesby Dam (1951),"<a href=""http://appalachiantrailhistory.org/items/show/1157"" target=""_blank"" class=""view-item"">Byllesby Dam (1951)</a>",Byllesby Dam on the New River as seen from Farmer Mountain in early July 1951. This photograph was taken by Gene Espy during his 1951 thru hike of the,"<a href=""/items/show/1157"" class=""view-item""><img src=""https://appalachiantrailhistory.org/files/thumbnails/bb6c6f0a818f76bfca290080251c4bd4.jpg"" alt=""Byllesby Dam.JPG"" title=""Byllesby Dam.JPG""></a>",-80.93467098,36.78512912,
View from Fisher's Peak (1951),"<a href=""http://appalachiantrailhistory.org/items/show/1158"" target=""_blank"" class=""view-item"">View from Fisher's Peak (1951)</a>","The view south from the summit of Fisher's Peak, North Carolina, in the summer of 1951. This photograph, taken by thru hiker Gene Espy in July 1951 is","<a href=""/items/show/1158"" class=""view-item""><img src=""https://appalachiantrailhistory.org/files/thumbnails/36a6600783eeafc64a7043142556a4b4.jpg"" alt=""Fisher&#039;s Peak.JPG"" title=""Fisher&#039;s Peak.JPG""></a>",-80.82289696,36.55961564,
Dan River Gorge (1951),"<a href=""http://appalachiantrailhistory.org/items/show/1159"" target=""_blank"" class=""view-item"">Dan River Gorge (1951)</a>","The Dan River Gorge as seen from the summit of the Pinnacles of Dan, July 1951. This image, taken by Gene Espy during his thru hike -- the second","<a href=""/items/show/1159"" class=""view-item""><img src=""https://appalachiantrailhistory.org/files/thumbnails/a6ce633e8b57fcf208456505bb78b815.jpg"" alt=""Dan River Gorge.jpg"" title=""Dan River Gorge.jpg""></a>",-80.43824036,36.67422805,
Pinnacles of Dan (1951),"<a href=""http://appalachiantrailhistory.org/items/show/1160"" target=""_blank"" class=""view-item"">Pinnacles of Dan (1951)</a>","In 1951, Gene Espy completed the second successful thru hike of the Appalachian Trail in one season. He took this photograph of the Pinnacles of Dan","<a href=""/items/show/1160"" class=""view-item""><img src=""https://appalachiantrailhistory.org/files/thumbnails/85adb74289096345a8c8ca8becad949e.jpg"" alt=""Pinnacles of Dan.jpg"" title=""Pinnacles of Dan.jpg""></a>",-80.43880521,36.6739498,
Growed Over Trail (1951),"<a href=""http://appalachiantrailhistory.org/items/show/1161"" target=""_blank"" class=""view-item"">Growed Over Trail (1951)</a>","As he passed through the Dan River Gorge in July 1951, Gene Espy took this photograph of what he called &quot;Growed over trail, Virginia&quot; (on the","<a href=""/items/show/1161"" class=""view-item""><img src=""https://appalachiantrailhistory.org/files/thumbnails/289aba6fe78d0edab6fcc368e3193d38.jpg"" alt=""Growed Over Trail.jpg"" title=""Growed Over Trail.jpg""></a>",-80.42719334,36.67536659,
